1,qeynos
2,qeynos2
3,qrg
4,qeytoqrg
5,highpass
6,highkeep
8,freportn
9,freportw
10,freporte
11,runnyeye
12,qey2hh1
13,northkarana
14,southkarana
15,eastkarana
16,beholder
17,blackburrow
18,paw
19,rivervale
20,kithicor
21,commons
22,ecommons
23,erudnint
24,erudnext
25,nektulos
26,cshome
27,lavastorm
28,nektropos
29,halas
30,everfrost
31,soldunga
32,soldungb
33,misty
34,nro
35,sro
36,befallen
37,oasis
38,tox
39,hole
40,neriaka
41,neriakb
42,neriakc
43,neriakd
44,najena
45,qcat
46,innothule
47,feerrott
48,cazicthule
49,oggok
50,rathemtn
51,lakerathe
52,grobb
53,aviak
54,gfaydark
55,akanon
56,steamfont
57,lfaydark
58,crushbone
59,mistmoore
60,kaladima
61,felwithea
62,felwitheb
63,unrest
64,kedge
65,guktop
66,gukbottom
67,kaladimb
68,butcher
69,oot
70,cauldron
71,airplane
72,fearplane
73,permafrost
74,kerraridge
75,paineel
76,hateplane
77,arena
78,fieldofbone
79,warslikswood
80,soltemple
81,droga
82,cabwest
83,swampofnohope
84,firiona
85,lakeofillomen
86,dreadlands
87,burningwood
88,kaesora
89,sebilis
90,citymist
91,skyfire
92,frontiermtns
93,overthere
94,emeraldjungle
95,trakanon
96,timorous
97,kurn
98,erudsxing
100,stonebrunt
101,warrens
102,karnor
103,chardok
104,dalnir
105,charasis
106,cabeast
107,nurga
108,veeshan
109,veksar
110,iceclad
111,frozenshadow
112,velketor
113,kael
114,skyshrine
115,thurgadina
116,eastwastes
117,cobaltscar
118,greatdivide
119,wakening
120,westwastes
121,crystal
123,necropolis
124,templeveeshan
125,sirens
126,mischiefplane
127,growthplane
128,sleeper
129,thurgadinb
130,erudsxing2
150,shadowhaven
151,bazaar
152,nexus
153,echo
154,acrylia
155,sharvahl
156,paludal
157,fungusgrove
158,vexthal
159,sseru
160,katta
161,netherbian
162,ssratemple
163,griegsend
164,thedeep
165,shadeweaver
166,hollowshade
167,grimling
168,mseru
169,letalis
170,twilight
171,thegrey
172,tenebrous
173,maiden
174,dawnshroud
175,scarlet
176,umbral
179,akheva
180,arena2
181,jaggedpine
183,tutorial
184,load
185,load2
190,clz
200,codecay
201,pojustice
202,poknowledge
203,potranquility
204,ponightmare
205,podisease
206,poinnovation
207,potorment
208,povalor
209,bothunder
210,postorms
211,hohonora
212,solrotower
213,powar
214,potactics
215,poair
216,powater
217,pofire
218,poeartha
219,potimea
220,hohonorb
221,nightmareb
222,poearthb
223,potimeb
224,gunthak
225,dulak
229,guka
230,iceclad2
1019,rivervale_alt
1020,kithicor_instanced
1032,soldungb_tryout
1039,hole_instanced
1064,kedge_tryout
1071,air_instanced
1072,fear_instanced
1073,perma_tryout
1076,hate_instanced
1078,towerbone
1086,dreadlands_instanced
1087,bardingwood
1089,sebilis_instanced
1090,citymist_instanced
1091,skyfire_instanced
1094,emeraldjungle_instanced
1096,timorous_instanced
1097,towerfrost
1102,karnor_instanced
1103,chardok_instanced
1105,charasis_instanced
1108,veeshan_instanced
1500,sodecay
1501,myriah
1502,fireice
1503,cshome2
1506,plaguecrypt
1626,mischiefhouse
1700,faydarkfragment
1715,frostfragment
6100,injustice
6101,injustice2
6102,injustice3
6103,injustice4
6104,injustice5
6105,injustice6
6110,injustice10
6120,injustice20
6130,injustice30
6140,injustice40
6150,injustice50
